superior.si,REGISTERED
supreme.si,REGISTERED
extreme.si,REGISTERED
superiorintelligence.si,REGISTERED
supremeintelligence.si,REGISTERED
extremeintelligence.si,REGISTERED
superiorai.si,LIKELY_FREE
supremeai.si,LIKELY_FREE
elegant.si,REGISTERED
eloquent.si,REGISTERED
ineloquent.si,LIKELY_FREE
revolution.si,REGISTERED
therevolution.si,LIKELY_FREE
rename.si,LIKELY_FREE
renaming.si,LIKELY_FREE
notartificial.si,LIKELY_FREE
beyondartificial.si,LIKELY_FREE
newintelligence.si,LIKELY_FREE
realintelligence.si,LIKELY_FREE
trueintelligence.si,LIKELY_FREE
synthetic.si,REGISTERED
syntheticintelligence.si,REGISTERED
synth.si,REGISTERED
synthmind.si,REGISTERED
synthminds.si,LIKELY_FREE
synthetics.si,REGISTERED
synthesist.si,LIKELY_FREE
synthetica.si,LIKELY_FREE
synthica.si,LIKELY_FREE
synthos.si,LIKELY_FREE
synthia.si,LIKELY_FREE
synthai.si,REGISTERED
syntience.si,LIKELY_FREE
sentient.si,REGISTERED
sentience.si,REGISTERED
sapient.si,REGISTERED
sapience.si,REGISTERED
cognition.si,REGISTERED
cognitive.si,REGISTERED
cognita.si,REGISTERED
noetic.si,REGISTERED
noesis.si,REGISTERED
nous.si,REGISTERED
syntheticmind.si,LIKELY_FREE
synthlabs.si,LIKELY_FREE
synthcore.si,LIKELY_FREE
synthworks.si,LIKELY_FREE
superintelligence.si,REGISTERED
superintelligent.si,REGISTERED
superai.si,REGISTERED
asi.si,REGISTERED
agi.si,REGISTERED
ami.si,REGISTERED
ani.si,REGISTERED
si.si,LIKELY_FREE
xsi.si,REGISTERED
esi.si,REGISTERED
psi.si,REGISTERED
silabs.si,REGISTERED
sistack.si,LIKELY_FREE
sicloud.si,UNKNOWN
siagents.si,REGISTERED
sinative.si,LIKELY_FREE
sifirst.si,LIKELY_FREE
sicore.si,LIKELY_FREE
sione.si,LIKELY_FREE
simind.si,LIKELY_FREE
siworks.si,LIKELY_FREE
sisystems.si,LIKELY_FREE
sifoundation.si,LIKELY_FREE
siresearch.si,LIKELY_FREE
siinstitute.si,LIKELY_FREE
silab.si,REGISTERED
agent.si,REGISTERED
agents.si,REGISTERED
agentic.si,REGISTERED
model.si,REGISTERED
models.si,REGISTERED
infer.si,REGISTERED
inference.si,REGISTERED
compute.si,REGISTERED
cluster.si,REGISTERED
token.si,REGISTERED
tokens.si,REGISTERED
embed.si,REGISTERED
embeddings.si,REGISTERED
neural.si,REGISTERED
neuron.si,REGISTERED
neurons.si,REGISTERED
cortex.si,REGISTERED
synapse.si,REGISTERED
align.si,REGISTERED
alignment.si,REGISTERED
aligned.si,REGISTERED
superalignment.si,REGISTERED
reason.si,REGISTERED
reasoning.si,REGISTERED
reasoner.si,REGISTERED
swarm.si,REGISTERED
eval.si,REGISTERED
evals.si,REGISTERED
guardrail.si,REGISTERED
guardrails.si,REGISTERED
context.si,REGISTERED
memory.si,REGISTERED
retrieval.si,REGISTERED
latent.si,REGISTERED
weights.si,REGISTERED
gradient.si,REGISTERED
gradients.si,LIKELY_FREE
prompt.si,REGISTERED
prompts.si,REGISTERED
scaling.si,REGISTERED
scale.si,REGISTERED
distill.si,LIKELY_FREE
distillation.si,REGISTERED
pretrain.si,REGISTERED
posttrain.si,REGISTERED
finetune.si,REGISTERED
tokenizer.si,REGISTERED
transformer.si,REGISTERED
attention.si,REGISTERED
diffusion.si,REGISTERED
generative.si,REGISTERED
autonomy.si,REGISTERED
autonomous.si,REGISTERED
copilot.si,REGISTERED
assistant.si,REGISTERED
oracle.si,REGISTERED
sentinel.si,REGISTERED
substrate.si,REGISTERED
emergence.si,REGISTERED
emergent.si,REGISTERED
corrigible.si,REGISTERED
interpret.si,REGISTERED
interpretability.si,LIKELY_FREE
redteam.si,REGISTERED
sandbox.si,REGISTERED
benchmark.si,REGISTERED
benchmarks.si,REGISTERED
dataset.si,REGISTERED
datasets.si,REGISTERED
syntheticdata.si,UNKNOWN
orchestrator.si,REGISTERED
orchestrate.si,REGISTERED
pipeline.si,REGISTERED
runtime.si,REGISTERED
kernel.si,REGISTERED
tensor.si,REGISTERED
tensors.si,REGISTERED
vector.si,REGISTERED
vectors.si,REGISTERED
rag.si,REGISTERED
retrieve.si,LIKELY_FREE
worldmodel.si,REGISTERED
foundation.si,REGISTERED
frontier.si,REGISTERED
frontiers.si,REGISTERED
inferencing.si,LIKELY_FREE
scaffold.si,REGISTERED
alignedai.si,LIKELY_FREE
forge.si,REGISTERED
foundry.si,REGISTERED
atlas.si,REGISTERED
nexus.si,REGISTERED
vertex.si,REGISTERED
apex.si,REGISTERED
zenith.si,REGISTERED
helix.si,REGISTERED
quanta.si,REGISTERED
quantum.si,REGISTERED
cipher.si,REGISTERED
axiom.si,REGISTERED
axioms.si,LIKELY_FREE
theorem.si,REGISTERED
lemma.si,REGISTERED
corpus.si,REGISTERED
lexicon.si,REGISTERED
syntax.si,REGISTERED
semantic.si,REGISTERED
semantics.si,REGISTERED
ontology.si,REGISTERED
epistemic.si,REGISTERED
telos.si,REGISTERED
logos.si,REGISTERED
ratio.si,REGISTERED
sapiens.si,REGISTERED
prometheus.si,REGISTERED
daedalus.si,REGISTERED
minerva.si,REGISTERED
athena.si,REGISTERED
hermes.si,REGISTERED
aurora.si,REGISTERED
lumen.si,REGISTERED
lucid.si,LIKELY_FREE
vantage.si,REGISTERED
cadence.si,REGISTERED
tessera.si,REGISTERED
aeon.si,REGISTERED
eon.si,REGISTERED
vertexai.si,LIKELY_FREE
singular.si,REGISTERED
singularity.si,REGISTERED
horizon.si,REGISTERED
meridian.si,REGISTERED
polaris.si,REGISTERED
solace.si,REGISTERED
kairos.si,REGISTERED
arete.si,REGISTERED
sophia.si,REGISTERED
episteme.si,REGISTERED
techne.si,REGISTERED
gnosis.si,REGISTERED
praxis.si,REGISTERED
dialectic.si,REGISTERED
ai.si,REGISTERED
ml.si,REGISTERED
gpt.si,REGISTERED
bot.si,REGISTERED
bots.si,UNKNOWN
chat.si,REGISTERED
cloud.si,REGISTERED
data.si,REGISTERED
code.si,REGISTERED
build.si,REGISTERED
ship.si,REGISTERED
run.si,REGISTERED
flow.si,REGISTERED
mind.si,REGISTERED
minds.si,REGISTERED
brain.si,REGISTERED
brains.si,REGISTERED
think.si,REGISTERED
thought.si,REGISTERED
idea.si,REGISTERED
ideas.si,REGISTERED
learn.si,REGISTERED
learning.si,REGISTERED
know.si,REGISTERED
knowledge.si,REGISTERED
smart.si,REGISTERED
genius.si,REGISTERED
wisdom.si,REGISTERED
insight.si,REGISTERED
logic.si,REGISTERED
neuro.si,REGISTERED
cog.si,REGISTERED
intelligence.si,REGISTERED
intelligent.si,REGISTERED
machine.si,REGISTERED
machines.si,REGISTERED
robot.si,REGISTERED
robots.si,REGISTERED
deep.si,UNKNOWN
deeplearning.si,REGISTERED
qua.si,REGISTERED
ni.si,LIKELY_FREE
tor.si,REGISTERED
ver.si,REGISTERED
cau.si,LIKELY_FREE
ka.si,REGISTERED
mo.si,REGISTERED
ra.si,LIKELY_FREE
se.si,REGISTERED
ta.si,REGISTERED
va.si,REGISTERED
za.si,REGISTERED
bru.si,REGISTERED
per.si,REGISTERED
cen.si,UNKNOWN
deci.si,REGISTERED
preci.si,REGISTERED
inci.si,LIKELY_FREE
pari.si,REGISTERED
axo.si,REGISTERED
nyx.si,REGISTERED
zed.si,REGISTERED
vox.si,REGISTERED
lux.si,REGISTERED
nox.si,REGISTERED
rex.si,REGISTERED
hex.si,REGISTERED
vex.si,REGISTERED
lyra.si,REGISTERED
kyra.si,LIKELY_FREE
nova.si,REGISTERED
vela.si,REGISTERED
orb.si,REGISTERED
arc.si,REGISTERED
arcus.si,REGISTERED
ion.si,REGISTERED
ions.si,REGISTERED
neo.si,REGISTERED
neon.si,REGISTERED
nero.si,REGISTERED
zeta.si,REGISTERED
beta.si,REGISTERED
theta.si,REGISTERED
delta.si,REGISTERED
sigma.si,REGISTERED
omega.si,REGISTERED
kappa.si,REGISTERED
lambda.si,REGISTERED
gamma.si,REGISTERED
iota.si,REGISTERED
vim.si,REGISTERED
quill.si,REGISTERED
pico.si,REGISTERED
nano.si,REGISTERED
femto.si,REGISTERED
yotta.si,REGISTERED
zetta.si,REGISTERED
exa.si,REGISTERED
peta.si,REGISTERED
tera.si,REGISTERED
giga.si,REGISTERED
