a.si,LIKELY_FREE
b.si,LIKELY_FREE
c.si,LIKELY_FREE
d.si,LIKELY_FREE
e.si,LIKELY_FREE
f.si,LIKELY_FREE
g.si,LIKELY_FREE
h.si,LIKELY_FREE
i.si,LIKELY_FREE
j.si,LIKELY_FREE
k.si,LIKELY_FREE
l.si,LIKELY_FREE
m.si,LIKELY_FREE
n.si,LIKELY_FREE
o.si,LIKELY_FREE
p.si,LIKELY_FREE
q.si,LIKELY_FREE
r.si,LIKELY_FREE
s.si,LIKELY_FREE
t.si,LIKELY_FREE
u.si,LIKELY_FREE
v.si,LIKELY_FREE
w.si,LIKELY_FREE
x.si,LIKELY_FREE
y.si,LIKELY_FREE
z.si,LIKELY_FREE
aa.si,REGISTERED
ab.si,LIKELY_FREE
ac.si,REGISTERED
ad.si,LIKELY_FREE
ae.si,REGISTERED
af.si,REGISTERED
ag.si,REGISTERED
ah.si,REGISTERED
ai.si,REGISTERED
aj.si,REGISTERED
ak.si,REGISTERED
al.si,REGISTERED
am.si,REGISTERED
an.si,REGISTERED
ao.si,LIKELY_FREE
ap.si,REGISTERED
aq.si,REGISTERED
ar.si,REGISTERED
as.si,REGISTERED
at.si,REGISTERED
au.si,REGISTERED
av.si,REGISTERED
aw.si,REGISTERED
ax.si,REGISTERED
ay.si,REGISTERED
az.si,REGISTERED
ba.si,UNKNOWN
bb.si,REGISTERED
bc.si,LIKELY_FREE
bd.si,LIKELY_FREE
be.si,REGISTERED
bf.si,REGISTERED
bg.si,REGISTERED
bh.si,REGISTERED
bi.si,LIKELY_FREE
bj.si,REGISTERED
bk.si,LIKELY_FREE
bl.si,REGISTERED
bm.si,REGISTERED
bn.si,REGISTERED
bo.si,LIKELY_FREE
bp.si,REGISTERED
bq.si,REGISTERED
br.si,LIKELY_FREE
bs.si,REGISTERED
bt.si,REGISTERED
bu.si,REGISTERED
bv.si,LIKELY_FREE
bw.si,REGISTERED
bx.si,REGISTERED
by.si,REGISTERED
bz.si,UNKNOWN
ca.si,REGISTERED
cb.si,REGISTERED
cc.si,REGISTERED
cd.si,LIKELY_FREE
ce.si,REGISTERED
cf.si,REGISTERED
cg.si,REGISTERED
ch.si,REGISTERED
ci.si,LIKELY_FREE
cj.si,REGISTERED
ck.si,REGISTERED
cl.si,REGISTERED
cm.si,REGISTERED
cn.si,REGISTERED
co.si,REGISTERED
cp.si,REGISTERED
cq.si,REGISTERED
cr.si,REGISTERED
cs.si,LIKELY_FREE
ct.si,REGISTERED
cu.si,REGISTERED
cv.si,REGISTERED
cw.si,REGISTERED
cx.si,REGISTERED
cy.si,REGISTERED
cz.si,REGISTERED
da.si,REGISTERED
db.si,REGISTERED
dc.si,REGISTERED
dd.si,REGISTERED
de.si,REGISTERED
df.si,REGISTERED
dg.si,REGISTERED
dh.si,REGISTERED
di.si,LIKELY_FREE
dj.si,REGISTERED
dk.si,LIKELY_FREE
dl.si,REGISTERED
dm.si,REGISTERED
dn.si,REGISTERED
do.si,LIKELY_FREE
dp.si,REGISTERED
dq.si,REGISTERED
dr.si,REGISTERED
ds.si,REGISTERED
dt.si,LIKELY_FREE
du.si,REGISTERED
dv.si,REGISTERED
dw.si,REGISTERED
dx.si,REGISTERED
dy.si,REGISTERED
dz.si,REGISTERED
ea.si,REGISTERED
eb.si,REGISTERED
ec.si,LIKELY_FREE
ed.si,REGISTERED
ee.si,REGISTERED
ef.si,REGISTERED
eg.si,REGISTERED
eh.si,REGISTERED
ei.si,REGISTERED
ej.si,REGISTERED
ek.si,LIKELY_FREE
el.si,REGISTERED
em.si,REGISTERED
en.si,LIKELY_FREE
eo.si,LIKELY_FREE
ep.si,REGISTERED
eq.si,REGISTERED
er.si,REGISTERED
es.si,LIKELY_FREE
et.si,REGISTERED
eu.si,REGISTERED
ev.si,LIKELY_FREE
ew.si,REGISTERED
ex.si,REGISTERED
ey.si,REGISTERED
ez.si,REGISTERED
fa.si,REGISTERED
fb.si,LIKELY_FREE
fc.si,REGISTERED
fd.si,REGISTERED
fe.si,LIKELY_FREE
ff.si,REGISTERED
fg.si,REGISTERED
fh.si,REGISTERED
fi.si,REGISTERED
fj.si,REGISTERED
fk.si,REGISTERED
fl.si,REGISTERED
fm.si,REGISTERED
fn.si,REGISTERED
fo.si,REGISTERED
fp.si,LIKELY_FREE
fq.si,REGISTERED
fr.si,REGISTERED
fs.si,REGISTERED
ft.si,REGISTERED
fu.si,REGISTERED
fv.si,REGISTERED
fw.si,LIKELY_FREE
fx.si,REGISTERED
fy.si,REGISTERED
fz.si,REGISTERED
ga.si,REGISTERED
gb.si,REGISTERED
gc.si,REGISTERED
gd.si,REGISTERED
ge.si,REGISTERED
gf.si,REGISTERED
gg.si,REGISTERED
gh.si,REGISTERED
gi.si,REGISTERED
gj.si,REGISTERED
gk.si,REGISTERED
gl.si,REGISTERED
gm.si,REGISTERED
gn.si,REGISTERED
go.si,REGISTERED
gp.si,REGISTERED
gq.si,REGISTERED
gr.si,REGISTERED
gs.si,REGISTERED
gt.si,REGISTERED
gu.si,REGISTERED
gv.si,REGISTERED
gw.si,LIKELY_FREE
gx.si,REGISTERED
gy.si,REGISTERED
gz.si,REGISTERED
ha.si,REGISTERED
hb.si,LIKELY_FREE
hc.si,REGISTERED
hd.si,LIKELY_FREE
he.si,REGISTERED
hf.si,LIKELY_FREE
hg.si,REGISTERED
hh.si,REGISTERED
hi.si,LIKELY_FREE
hj.si,REGISTERED
hk.si,REGISTERED
hl.si,REGISTERED
hm.si,REGISTERED
hn.si,REGISTERED
ho.si,REGISTERED
hp.si,REGISTERED
hq.si,REGISTERED
hr.si,REGISTERED
hs.si,REGISTERED
ht.si,REGISTERED
hu.si,REGISTERED
hv.si,REGISTERED
hw.si,REGISTERED
hx.si,REGISTERED
hy.si,REGISTERED
hz.si,REGISTERED
ia.si,REGISTERED
ib.si,REGISTERED
ic.si,REGISTERED
id.si,REGISTERED
ie.si,REGISTERED
if.si,REGISTERED
ig.si,LIKELY_FREE
ih.si,REGISTERED
ii.si,LIKELY_FREE
ij.si,REGISTERED
ik.si,REGISTERED
il.si,REGISTERED
im.si,REGISTERED
in.si,REGISTERED
io.si,REGISTERED
ip.si,REGISTERED
iq.si,REGISTERED
ir.si,REGISTERED
is.si,REGISTERED
it.si,REGISTERED
iu.si,REGISTERED
iv.si,REGISTERED
iw.si,REGISTERED
ix.si,REGISTERED
iy.si,REGISTERED
iz.si,UNKNOWN
ja.si,LIKELY_FREE
jb.si,REGISTERED
jc.si,REGISTERED
jd.si,REGISTERED
je.si,REGISTERED
jf.si,REGISTERED
jg.si,REGISTERED
jh.si,REGISTERED
ji.si,REGISTERED
jj.si,REGISTERED
jk.si,REGISTERED
jl.si,REGISTERED
jm.si,REGISTERED
jn.si,LIKELY_FREE
jo.si,REGISTERED
jp.si,UNKNOWN
jq.si,REGISTERED
jr.si,LIKELY_FREE
js.si,REGISTERED
jt.si,REGISTERED
ju.si,REGISTERED
jv.si,REGISTERED
jw.si,REGISTERED
jx.si,REGISTERED
jy.si,REGISTERED
jz.si,LIKELY_FREE
ka.si,REGISTERED
kb.si,REGISTERED
kc.si,REGISTERED
kd.si,UNKNOWN
ke.si,REGISTERED
kf.si,REGISTERED
kg.si,LIKELY_FREE
kh.si,REGISTERED
ki.si,REGISTERED
kj.si,LIKELY_FREE
kk.si,REGISTERED
kl.si,LIKELY_FREE
km.si,LIKELY_FREE
kn.si,REGISTERED
ko.si,REGISTERED
kp.si,REGISTERED
kq.si,REGISTERED
kr.si,REGISTERED
ks.si,REGISTERED
kt.si,LIKELY_FREE
ku.si,REGISTERED
kv.si,REGISTERED
kw.si,REGISTERED
kx.si,REGISTERED
ky.si,REGISTERED
kz.si,LIKELY_FREE
la.si,REGISTERED
lb.si,REGISTERED
lc.si,LIKELY_FREE
ld.si,REGISTERED
le.si,REGISTERED
lf.si,REGISTERED
lg.si,REGISTERED
lh.si,REGISTERED
li.si,REGISTERED
lj.si,REGISTERED
lk.si,REGISTERED
ll.si,REGISTERED
lm.si,REGISTERED
ln.si,REGISTERED
lo.si,REGISTERED
lp.si,REGISTERED
lq.si,REGISTERED
lr.si,LIKELY_FREE
ls.si,REGISTERED
lt.si,REGISTERED
lu.si,REGISTERED
lv.si,REGISTERED
lw.si,REGISTERED
lx.si,REGISTERED
ly.si,REGISTERED
lz.si,REGISTERED
ma.si,UNKNOWN
mb.si,UNKNOWN
mc.si,REGISTERED
md.si,REGISTERED
me.si,REGISTERED
mf.si,UNKNOWN
mg.si,REGISTERED
mh.si,REGISTERED
mi.si,REGISTERED
mj.si,REGISTERED
mk.si,REGISTERED
ml.si,REGISTERED
mm.si,REGISTERED
mn.si,REGISTERED
mo.si,REGISTERED
mp.si,REGISTERED
mq.si,REGISTERED
mr.si,REGISTERED
ms.si,LIKELY_FREE
mt.si,REGISTERED
mu.si,REGISTERED
mv.si,UNKNOWN
mw.si,REGISTERED
mx.si,REGISTERED
my.si,REGISTERED
mz.si,REGISTERED
na.si,LIKELY_FREE
nb.si,REGISTERED
nc.si,REGISTERED
nd.si,REGISTERED
ne.si,LIKELY_FREE
nf.si,REGISTERED
ng.si,REGISTERED
nh.si,REGISTERED
ni.si,LIKELY_FREE
nj.si,REGISTERED
nk.si,REGISTERED
nl.si,REGISTERED
nm.si,REGISTERED
nn.si,REGISTERED
no.si,REGISTERED
np.si,LIKELY_FREE
nq.si,LIKELY_FREE
nr.si,REGISTERED
ns.si,REGISTERED
nt.si,REGISTERED
nu.si,REGISTERED
nv.si,UNKNOWN
nw.si,REGISTERED
nx.si,REGISTERED
ny.si,REGISTERED
nz.si,REGISTERED
oa.si,REGISTERED
ob.si,REGISTERED
oc.si,REGISTERED
od.si,REGISTERED
oe.si,REGISTERED
of.si,REGISTERED
og.si,REGISTERED
oh.si,REGISTERED
oi.si,REGISTERED
oj.si,REGISTERED
ok.si,UNKNOWN
ol.si,REGISTERED
om.si,REGISTERED
on.si,REGISTERED
oo.si,REGISTERED
op.si,REGISTERED
oq.si,REGISTERED
or.si,UNKNOWN
os.si,REGISTERED
ot.si,REGISTERED
ou.si,REGISTERED
ov.si,REGISTERED
ow.si,REGISTERED
ox.si,REGISTERED
oy.si,REGISTERED
oz.si,REGISTERED
pa.si,UNKNOWN
pb.si,REGISTERED
pc.si,REGISTERED
pd.si,REGISTERED
pe.si,REGISTERED
pf.si,REGISTERED
pg.si,REGISTERED
ph.si,LIKELY_FREE
pi.si,LIKELY_FREE
pj.si,REGISTERED
pk.si,LIKELY_FREE
pl.si,REGISTERED
pm.si,REGISTERED
pn.si,REGISTERED
po.si,LIKELY_FREE
pp.si,REGISTERED
pq.si,REGISTERED
pr.si,REGISTERED
ps.si,REGISTERED
pt.si,REGISTERED
pu.si,REGISTERED
pv.si,REGISTERED
pw.si,REGISTERED
px.si,REGISTERED
py.si,REGISTERED
pz.si,LIKELY_FREE
qa.si,REGISTERED
qb.si,REGISTERED
qc.si,REGISTERED
qd.si,REGISTERED
qe.si,REGISTERED
qf.si,REGISTERED
qg.si,REGISTERED
qh.si,REGISTERED
qi.si,REGISTERED
qj.si,REGISTERED
qk.si,REGISTERED
ql.si,REGISTERED
qm.si,REGISTERED
qn.si,REGISTERED
qo.si,REGISTERED
qp.si,REGISTERED
qq.si,REGISTERED
qr.si,REGISTERED
qs.si,REGISTERED
qt.si,REGISTERED
qu.si,REGISTERED
qv.si,REGISTERED
qw.si,REGISTERED
qx.si,UNKNOWN
qy.si,REGISTERED
qz.si,REGISTERED
ra.si,LIKELY_FREE
rb.si,REGISTERED
rc.si,LIKELY_FREE
rd.si,REGISTERED
re.si,REGISTERED
rf.si,LIKELY_FREE
rg.si,REGISTERED
rh.si,REGISTERED
ri.si,REGISTERED
rj.si,REGISTERED
rk.si,LIKELY_FREE
rl.si,REGISTERED
rm.si,REGISTERED
rn.si,REGISTERED
ro.si,REGISTERED
rp.si,LIKELY_FREE
rq.si,REGISTERED
rr.si,REGISTERED
rs.si,LIKELY_FREE
rt.si,LIKELY_FREE
ru.si,REGISTERED
rv.si,REGISTERED
rw.si,REGISTERED
rx.si,REGISTERED
ry.si,REGISTERED
rz.si,REGISTERED
sa.si,REGISTERED
sb.si,REGISTERED
sc.si,REGISTERED
sd.si,REGISTERED
se.si,REGISTERED
sf.si,REGISTERED
sg.si,REGISTERED
sh.si,REGISTERED
si.si,LIKELY_FREE
sj.si,REGISTERED
sk.si,REGISTERED
sl.si,LIKELY_FREE
sm.si,REGISTERED
sn.si,LIKELY_FREE
so.si,REGISTERED
sp.si,REGISTERED
sq.si,REGISTERED
sr.si,LIKELY_FREE
ss.si,REGISTERED
st.si,REGISTERED
su.si,REGISTERED
sv.si,REGISTERED
sw.si,REGISTERED
sx.si,REGISTERED
sy.si,REGISTERED
sz.si,REGISTERED
ta.si,REGISTERED
tb.si,REGISTERED
tc.si,REGISTERED
td.si,REGISTERED
te.si,REGISTERED
tf.si,REGISTERED
tg.si,REGISTERED
th.si,REGISTERED
ti.si,REGISTERED
tj.si,UNKNOWN
tk.si,REGISTERED
tl.si,REGISTERED
tm.si,REGISTERED
tn.si,REGISTERED
to.si,REGISTERED
tp.si,REGISTERED
tq.si,REGISTERED
tr.si,REGISTERED
ts.si,REGISTERED
tt.si,REGISTERED
tu.si,LIKELY_FREE
tv.si,REGISTERED
tw.si,REGISTERED
tx.si,REGISTERED
ty.si,REGISTERED
tz.si,REGISTERED
ua.si,REGISTERED
ub.si,REGISTERED
uc.si,REGISTERED
ud.si,REGISTERED
ue.si,REGISTERED
uf.si,REGISTERED
ug.si,REGISTERED
uh.si,REGISTERED
ui.si,REGISTERED
uj.si,LIKELY_FREE
uk.si,REGISTERED
ul.si,REGISTERED
um.si,REGISTERED
un.si,REGISTERED
uo.si,REGISTERED
up.si,REGISTERED
uq.si,REGISTERED
ur.si,REGISTERED
us.si,REGISTERED
ut.si,REGISTERED
uu.si,REGISTERED
uv.si,REGISTERED
uw.si,REGISTERED
ux.si,REGISTERED
uy.si,REGISTERED
uz.si,REGISTERED
va.si,REGISTERED
vb.si,REGISTERED
vc.si,REGISTERED
vd.si,REGISTERED
ve.si,LIKELY_FREE
vf.si,REGISTERED
vg.si,REGISTERED
vh.si,LIKELY_FREE
vi.si,REGISTERED
vj.si,REGISTERED
vk.si,REGISTERED
vl.si,REGISTERED
vm.si,REGISTERED
vn.si,REGISTERED
vo.si,REGISTERED
vp.si,REGISTERED
vq.si,REGISTERED
vr.si,REGISTERED
vs.si,REGISTERED
vt.si,REGISTERED
vu.si,REGISTERED
vv.si,UNKNOWN
vw.si,REGISTERED
vx.si,REGISTERED
vy.si,REGISTERED
vz.si,REGISTERED
wa.si,REGISTERED
wb.si,REGISTERED
wc.si,REGISTERED
wd.si,REGISTERED
we.si,REGISTERED
wf.si,REGISTERED
wg.si,REGISTERED
wh.si,REGISTERED
wi.si,REGISTERED
wj.si,REGISTERED
wk.si,REGISTERED
wl.si,REGISTERED
wm.si,LIKELY_FREE
wn.si,REGISTERED
wo.si,REGISTERED
wp.si,REGISTERED
wq.si,REGISTERED
wr.si,REGISTERED
ws.si,REGISTERED
wt.si,REGISTERED
wu.si,REGISTERED
wv.si,REGISTERED
ww.si,REGISTERED
wx.si,UNKNOWN
wy.si,REGISTERED
wz.si,LIKELY_FREE
xa.si,REGISTERED
xb.si,REGISTERED
xc.si,REGISTERED
xd.si,REGISTERED
xe.si,REGISTERED
xf.si,REGISTERED
xg.si,REGISTERED
xh.si,REGISTERED
xi.si,REGISTERED
xj.si,REGISTERED
xk.si,REGISTERED
xl.si,LIKELY_FREE
xm.si,REGISTERED
xn.si,REGISTERED
xo.si,REGISTERED
xp.si,REGISTERED
xq.si,REGISTERED
xr.si,REGISTERED
xs.si,REGISTERED
xt.si,REGISTERED
xu.si,REGISTERED
xv.si,REGISTERED
xw.si,REGISTERED
xx.si,REGISTERED
xy.si,REGISTERED
xz.si,LIKELY_FREE
ya.si,REGISTERED
yb.si,REGISTERED
yc.si,REGISTERED
yd.si,REGISTERED
ye.si,REGISTERED
yf.si,REGISTERED
yg.si,REGISTERED
yh.si,REGISTERED
yi.si,REGISTERED
yj.si,REGISTERED
yk.si,REGISTERED
yl.si,REGISTERED
ym.si,REGISTERED
yn.si,REGISTERED
yo.si,REGISTERED
yp.si,REGISTERED
yq.si,REGISTERED
yr.si,REGISTERED
ys.si,REGISTERED
yt.si,REGISTERED
yu.si,REGISTERED
yv.si,REGISTERED
yw.si,REGISTERED
yx.si,REGISTERED
yy.si,REGISTERED
yz.si,REGISTERED
za.si,REGISTERED
zb.si,REGISTERED
zc.si,REGISTERED
zd.si,REGISTERED
ze.si,REGISTERED
zf.si,REGISTERED
zg.si,LIKELY_FREE
zh.si,REGISTERED
zi.si,REGISTERED
zj.si,REGISTERED
zk.si,LIKELY_FREE
zl.si,LIKELY_FREE
zm.si,REGISTERED
zn.si,REGISTERED
zo.si,REGISTERED
zp.si,REGISTERED
zq.si,REGISTERED
zr.si,REGISTERED
zs.si,REGISTERED
zt.si,REGISTERED
zu.si,REGISTERED
zv.si,REGISTERED
zw.si,REGISTERED
zx.si,REGISTERED
zy.si,REGISTERED
zz.si,REGISTERED
siai.si,REGISTERED
silab.si,REGISTERED
sistudio.si,LIKELY_FREE
sistudios.si,LIKELY_FREE
siengine.si,LIKELY_FREE
sifactory.si,LIKELY_FREE
siforge.si,LIKELY_FREE
sifoundry.si,LIKELY_FREE
sicompany.si,LIKELY_FREE
sigroup.si,REGISTERED
sicapital.si,LIKELY_FREE
sifund.si,LIKELY_FREE
siventures.si,LIKELY_FREE
sisafety.si,LIKELY_FREE
sialignment.si,LIKELY_FREE
sisafe.si,LIKELY_FREE
sialign.si,LIKELY_FREE
sibench.si,LIKELY_FREE
sievals.si,LIKELY_FREE
siagent.si,REGISTERED
simodels.si,LIKELY_FREE
simodel.si,LIKELY_FREE
sicompute.si,LIKELY_FREE
sichip.si,LIKELY_FREE
siapi.si,LIKELY_FREE
sidev.si,REGISTERED
sibuild.si,LIKELY_FREE
sistartup.si,LIKELY_FREE
siapp.si,LIKELY_FREE
siapps.si,LIKELY_FREE
sios.si,REGISTERED
sihub.si,REGISTERED
sinet.si,REGISTERED
sistore.si,LIKELY_FREE
simarket.si,REGISTERED
sinews.si,LIKELY_FREE
siwiki.si,LIKELY_FREE
sireport.si,LIKELY_FREE
siindex.si,LIKELY_FREE
siwatch.si,LIKELY_FREE
sitracker.si,LIKELY_FREE
simonitor.si,LIKELY_FREE
sipolicy.si,LIKELY_FREE
silaw.si,LIKELY_FREE
siethics.si,LIKELY_FREE
sirisk.si,REGISTERED
sisecure.si,LIKELY_FREE
sisecurity.si,LIKELY_FREE
siguard.si,LIKELY_FREE
sishield.si,LIKELY_FREE
sidefense.si,LIKELY_FREE
sialliance.si,LIKELY_FREE
sicouncil.si,LIKELY_FREE
sisummit.si,LIKELY_FREE
siforum.si,LIKELY_FREE
sijournal.si,LIKELY_FREE
sireview.si,LIKELY_FREE
sipress.si,LIKELY_FREE
simedia.si,REGISTERED
sipodcast.si,LIKELY_FREE
siblog.si,LIKELY_FREE
siacademy.si,LIKELY_FREE
sischool.si,LIKELY_FREE
sitraining.si,LIKELY_FREE
sitalent.si,LIKELY_FREE
sijobs.si,LIKELY_FREE
sihire.si,LIKELY_FREE
sicareers.si,LIKELY_FREE
sidata.si,LIKELY_FREE
sicloudai.si,LIKELY_FREE
siplatform.si,LIKELY_FREE
sinetwork.si,LIKELY_FREE
sibrain.si,LIKELY_FREE
simind2.si,LIKELY_FREE
sicortex.si,LIKELY_FREE
siengineai.si,LIKELY_FREE
sikernel.si,LIKELY_FREE
sirouter.si,LIKELY_FREE
sigateway.si,LIKELY_FREE
synthstack.si,LIKELY_FREE
synthiq.si,LIKELY_FREE
synthbase.si,LIKELY_FREE
synthflow.si,LIKELY_FREE
synthspace.si,LIKELY_FREE
synthfield.si,LIKELY_FREE
synthgen.si,LIKELY_FREE
synthforge.si,LIKELY_FREE
syntheticai.si,LIKELY_FREE
syntheticminds.si,LIKELY_FREE
syntheticlabs.si,LIKELY_FREE
synthesis.si,REGISTERED
synthesize.si,REGISTERED
synthesizer.si,LIKELY_FREE
synthetically.si,LIKELY_FREE
synthmachine.si,LIKELY_FREE
synthbrain.si,LIKELY_FREE
synthsystems.si,LIKELY_FREE
synthgroup.si,LIKELY_FREE
synthfoundry.si,LIKELY_FREE
synthcortex.si,LIKELY_FREE
synthengine.si,LIKELY_FREE
machineintelligence.si,REGISTERED
digitalintelligence.si,REGISTERED
generalintelligence.si,REGISTERED
artificialintelligence.si,REGISTERED
humanintelligence.si,REGISTERED
collectiveintelligence.si,REGISTERED
emergentintelligence.si,LIKELY_FREE
advancedintelligence.si,REGISTERED
infiniteintelligence.si,LIKELY_FREE
ultimateintelligence.si,LIKELY_FREE
betterintelligence.si,LIKELY_FREE
honestintelligence.si,LIKELY_FREE
superiormind.si,LIKELY_FREE
suprememind.si,LIKELY_FREE
superiormachine.si,LIKELY_FREE
superiorsystems.si,LIKELY_FREE
superiorlabs.si,LIKELY_FREE
supremelabs.si,LIKELY_FREE
superiorcompute.si,LIKELY_FREE
supremecompute.si,LIKELY_FREE
posttraining.si,LIKELY_FREE
pretraining.si,REGISTERED
finetuning.si,REGISTERED
quantization.si,REGISTERED
quantize.si,REGISTERED
sparsity.si,REGISTERED
moe.si,REGISTERED
mixtureofexperts.si,LIKELY_FREE
chainofthought.si,LIKELY_FREE
toolcalling.si,LIKELY_FREE
functioncalling.si,LIKELY_FREE
contextwindow.si,REGISTERED
longcontext.si,LIKELY_FREE
embedding.si,UNKNOWN
vectorstore.si,REGISTERED
vectordb.si,REGISTERED
knowledgegraph.si,REGISTERED
worldmodels.si,REGISTERED
simulator.si,REGISTERED
simulation.si,REGISTERED
rollout.si,REGISTERED
rollouts.si,LIKELY_FREE
policygradient.si,LIKELY_FREE
rlhf.si,REGISTERED
rlaif.si,REGISTERED
dpo.si,REGISTERED
ppo.si,REGISTERED
grpo.si,LIKELY_FREE
reward.si,REGISTERED
rewardmodel.si,LIKELY_FREE
redteaming.si,REGISTERED
jailbreak.si,REGISTERED
refusal.si,LIKELY_FREE
hallucination.si,UNKNOWN
grounding.si,REGISTERED
factuality.si,LIKELY_FREE
calibration.si,REGISTERED
uncertainty.si,LIKELY_FREE
oversight.si,REGISTERED
scalableoversight.si,LIKELY_FREE
debate.si,REGISTERED
amplification.si,REGISTERED
constitution.si,REGISTERED
constitutionalai.si,LIKELY_FREE
probes.si,REGISTERED
activations.si,LIKELY_FREE
circuits.si,LIKELY_FREE
features.si,REGISTERED
steering.si,REGISTERED
ablation.si,LIKELY_FREE
interpretable.si,REGISTERED
explainable.si,LIKELY_FREE
provenance.si,REGISTERED
watermark.si,REGISTERED
watermarking.si,LIKELY_FREE
attribution.si,REGISTERED
deception.si,REGISTERED
sycophancy.si,REGISTERED
misalignment.si,LIKELY_FREE
robustness.si,REGISTERED
adversarial.si,REGISTERED
cognize.si,REGISTERED
cognita.si,REGISTERED
cerebra.si,REGISTERED
cerebro.si,REGISTERED
mentis.si,REGISTERED
mentat.si,REGISTERED
noeticlabs.si,LIKELY_FREE
sophos.si,REGISTERED
sophia2.si,LIKELY_FREE
episteme2.si,LIKELY_FREE
intellect.si,REGISTERED
intellects.si,LIKELY_FREE
ingenium.si,REGISTERED
ingenuity.si,LIKELY_FREE
acumen.si,REGISTERED
sagacity.si,REGISTERED
percept.si,REGISTERED
perception.si,REGISTERED
apperception.si,LIKELY_FREE
ideation.si,REGISTERED
inferno.si,REGISTERED
lumina.si,REGISTERED
luminous.si,REGISTERED
clarity.si,REGISTERED
clarify.si,REGISTERED
discern.si,REGISTERED
discernment.si,REGISTERED
sentia.si,REGISTERED
sentio.si,UNKNOWN
animus.si,REGISTERED
anima.si,REGISTERED
psyche.si,REGISTERED
psyches.si,LIKELY_FREE
ratiocination.si,LIKELY_FREE
